"Level","MAP","credHigh","credLow"
"speaker_optimality",4.4974557335765,5.82106703426689,4.3876462848857
