"Level","MAP","credHigh","credLow"
"speaker_optimality",3.79752739023004,4.26468575373292,3.51808535400778
